{
  "applications": [
    {
      "id": 1,
      "name": "Game One",
      "description": "An exciting adventure game.",
      "releaseDate": "2022-05-12",
      "version": "1.0.0",
      "ratings": "4.5",
      "genre": "Adventure",
      "category": "games"
    },
    {
      "id": 2,
      "name": "Beauty App",
      "description": "A beauty tips and tricks app.",
      "releaseDate": "2023-01-20",
      "version": "2.1.3",
      "ratings": "4.7",
      "genre": "Lifestyle",
      "category": "beauty"
    },
    {
      "id": 3,
      "name": "Fashion Trends",
      "description": "Latest fashion trends and news.",
      "releaseDate": "2021-11-15",
      "version": "3.2.1",
      "ratings": "4.3",
      "genre": "Fashion",
      "category": "fashion"
    },
    {
      "id": 4,
      "name": "Health Tracker",
      "description": "Track your daily health metrics.",
      "releaseDate": "2022-07-22",
      "version": "1.4.0",
      "ratings": "4.6",
      "genre": "Health",
      "category": "health"
    },
    {
      "id": 5,
      "name": "Women's Network",
      "description": "A social network for women.",
      "releaseDate": "2023-03-18",
      "version": "2.5.4",
      "ratings": "4.8",
      "genre": "Social",
      "category": "women"
    },
    {
      "id": 6,
      "name": "Space Invaders",
      "description": "A classic space shooting game.",
      "releaseDate": "2021-09-25",
      "version": "1.3.5",
      "ratings": "4.4",
      "genre": "Arcade",
      "category": "games"
    },
    {
      "id": 7,
      "name": "Makeup Guide",
      "description": "Your guide to perfect makeup.",
      "releaseDate": "2020-12-14",
      "version": "2.0.1",
      "ratings": "4.8",
      "genre": "Beauty",
      "category": "beauty"
    },
    {
      "id": 8,
      "name": "Runway Ready",
      "description": "Stay updated with runway fashion.",
      "releaseDate": "2022-04-10",
      "version": "1.2.4",
      "ratings": "4.5",
      "genre": "Fashion",
      "category": "fashion"
    },
    {
      "id": 9,
      "name": "Fitness Pro",
      "description": "Your personal fitness tracker.",
      "releaseDate": "2023-06-30",
      "version": "3.1.0",
      "ratings": "4.7",
      "genre": "Fitness",
      "category": "health"
    },
    {
      "id": 10,
      "name": "Ladies' Lounge",
      "description": "Community app for women.",
      "releaseDate": "2021-08-12",
      "version": "1.5.2",
      "ratings": "4.6",
      "genre": "Social",
      "category": "women"
    },
    {
      "id": 11,
      "name": "Battle Royale",
      "description": "Multiplayer battle royale game.",
      "releaseDate": "2023-01-05",
      "version": "4.0.0",
      "ratings": "4.3",
      "genre": "Action",
      "category": "games"
    },
    {
      "id": 12,
      "name": "Skin Care Tips",
      "description": "All about skincare routines.",
      "releaseDate": "2022-07-19",
      "version": "1.1.2",
      "ratings": "4.9",
      "genre": "Beauty",
      "category": "beauty"
    },
    {
      "id": 13,
      "name": "Style Hub",
      "description": "Your style and fashion assistant.",
      "releaseDate": "2020-11-30",
      "version": "2.3.0",
      "ratings": "4.4",
      "genre": "Fashion",
      "category": "fashion"
    },
    {
      "id": 14,
      "name": "Healthy Living",
      "description": "Guide to a healthy lifestyle.",
      "releaseDate": "2023-03-22",
      "version": "1.7.1",
      "ratings": "4.6",
      "genre": "Health",
      "category": "health"
    },
    {
      "id": 15,
      "name": "Women's Wellness",
      "description": "Wellness tips for women.",
      "releaseDate": "2022-10-14",
      "version": "3.4.5",
      "ratings": "4.8",
      "genre": "Health",
      "category": "women"
    }
  ]
}